Name,Currently Brewing,Personal Rating,Company,Origin,Flavors,Single Origin,Notes,Price (250g),Image,Date,Process,Subscriptions,Count
Sitio Tres Baras,checked,,Brew Coffee Plus,Brazil,"Cherry,Chocolate,Complex",checked,,£10.00,2022-09-11 07.37.09.jpg (https://dl.airtable.com/.attachments/e19877b2dc6ab473e865caa7a5b0dc33/bf9408a5/2022-09-1107.37.09.jpg),11.9.2022,Pulped Natural,,1
Bookisa ,checked,,Coaltown,Ethiopia,"Orange,Jasmine honeysuckle,Molasses",checked,,£10.00,2022-09-10 12.27.39.jpg (https://dl.airtable.com/.attachments/4aa8268204b695ad16ac3b223078ef3a/c0f459b5/2022-09-1012.27.39.jpg),10.9.2022,Natural,Coaltown,1
Rafael Amaya ,,3,The Roasting Shed,Colombia,"Cacao nibs,Lychee,Rose petals",checked,"200 hour fermentation, wild flavours!",£15.00,2022-09-04 12.56.24.jpg (https://dl.airtable.com/.attachments/44c73acd1493d8a58427d32a56c37738/a3237161/2022-09-0412.56.24.jpg),1.9.2022,Natural,,1
Finca Bethania,,4,Yallah,Nicaragua,"Tropical,Jammy,Guava,Syrupy-sweet",checked,,£10.00,2022-08-18 09.28.37.jpg (https://dl.airtable.com/.attachments/5e1777a36ac818bfbc951d4afae8d99c/9110ea6d/2022-08-1809.28.37.jpg),18.8.2022,Natural,Yallah Explore,1
Jose Angel Parra,,,Coaltown,Colombia,"Maple syrup,Demerara sugar,Plum",checked,,£10.00,2022-08-13 07.06.47.jpg (https://dl.airtable.com/.attachments/4d0aa25bc1113d50526bbd3a84b834ff/0c55181a/2022-08-1307.06.47.jpg),11.8.2022,Washed,Coaltown,1
Finca Pompeya,,3,Coffee By the Casuals,Peru,"Caramel,Orange,Peach",checked,,£6.80,2022-08-08 21.39.32.jpg (https://dl.airtable.com/.attachments/63430ec1af7cf97282768f7a8a5463d4/0f65e6bd/2022-08-0821.39.32.jpg),8.8.2022,Natural,,1
Toraja ,,2,Yallah,Indonesia,"Tobacco,Pomegranate,Cherry,Red fruit",checked,"Couldn’t grind fine enough, grinder was badl calibrated. Oops ",£12.00,2022-07-22 06.48.15.jpg (https://dl.airtable.com/.attachments/a770f50ca0165ea7a78b3cbc8b929894/7548a03d/2022-07-2206.48.15.jpg),22.7.2022,Semi-washed,Yallah Explore,1
Buki ,,3,Kiss the Hippo,Rwanda,"Red apple,Peach,Strawberry",checked,,£12.50,2022-07-22 06.51.59.jpg (https://dl.airtable.com/.attachments/d2e624ac317f5ea4f2044ee49ad6dac6/f9393393/2022-07-2206.51.59.jpg),22.7.2022,Honey,,1
Roberto Bernardes,,3,St Martins Coffee Roasters,Brazil,"Blood orange,Green apple,Brazil nuts",checked,,£12.00,2022-07-19 09.24.03.jpg (https://dl.airtable.com/.attachments/84ecbdc4e09942703bc259cd36d44596/f47bc1cb/2022-07-1909.24.03.jpg),19.7.2022,Natural,,1
Roberto Ortiz,,3,Coaltown,Peru,"Red apple,Maple syrup,Dark chocolate",checked,,£10.00,2022-07-13 07.46.50.jpg (https://dl.airtable.com/.attachments/3c735858c493ecbc8b535cdc9e49f2cd/a022f007/2022-07-1307.46.50.jpg),13.7.2022,Natural,Coaltown,1
Santuario ,,3,Full Court Press,Colombia,"Mandarin,Green apple,elderflower",checked,,£14.00,2022-07-07 07.03.43.jpg (https://dl.airtable.com/.attachments/2b12e76255c31c6c1358ca633e838df4/6f3ca426/2022-07-0707.03.43.jpg),7.7.2022,Washed,,1
Fazenda Rainha Da Paz,,3,North Star,Brazil,"Milk chocolate,Date,Hazlenut",checked,,£7.00,2022-06-27 16.27.11.jpg (https://dl.airtable.com/.attachments/3233a6ae8415cc9b0ad6e2ced1c3a8d2/0a8bf43b/2022-06-2716.27.11.jpg),27.6.2022,Natural,,1
Bolivia edition 22.002,,3,Hasbean,Bolivia,"Raisin,Toffee,Passion fruit,Satsuma",checked,,£10.50,2022-06-16 16.54.02.jpg (https://dl.airtable.com/.attachments/c5cd1d6d6118fea0f355a72d0ab27f19/b4738eca/2022-06-1616.54.02.jpg),16.6.2022,Washed,,13
Propeller,,3,The Gentleman Baristas,Rwanda,"Rhubarb,Strawberry,Red currant,Red grape",checked,,£15.00,2022-06-16 17.43.25.jpg (https://dl.airtable.com/.attachments/b888174e49a77e14f4de96539f8d8279/c361d58e/2022-06-1617.43.25.jpg),16.6.2022,Natural,,1
Mio 1988 micro lot,,3,Plot,Brazil,"Fruit and nut,Raisins,Milk chocolate,Hazlenut",checked,,£11.00,2022-06-09 20.32.14.jpg (https://dl.airtable.com/.attachments/3d2df7d2808508dd000d8497ad1a922d/09cccdf1/2022-06-0920.32.14.jpg),9.6.2022,Natural,,1
Frameworks Espresso Blend,,3,Cold Blow Coffee,"Colombia,Brazil,Ethiopia","Chocolate,Praline,Red fruit",,,£8.00,2022-05-22 08.30.02.jpg (https://dl.airtable.com/.attachments/8b6b6e009f3ee00dcb1af9f50198e4fd/cda424ca/2022-05-2208.30.02.jpg),19.5.2022,N/a,,1
Vinhal Cafes Artesanais,,3,Hundred House Coffee,Brazil,"Popcorn,Glazed doghnuts,Coconut",checked,,£10.00,2022-06-02 06.59.03.jpg (https://dl.airtable.com/.attachments/d4af0714a686b9fa14bdb4a3aa6c12e7/2461166c/2022-06-0206.59.03.jpg),10.5.2022,Washed fermentation,,1
Herrera Java,,3,Round Hill Roastery,Honduras,"Hibiscus,Liquorice,Turkish delight",checked,,£16.00,2022-05-05 06.33.31.jpg (https://dl.airtable.com/.attachments/a4e5e42c9e2afd4266e1da5f6f97c7e8/0e420d04/2022-05-0506.33.31.jpg),5.5.2022,Washed,,1
El Resplandor,,3,Mr Tinto,Colombia,"Orange blossom,Panela,Grapefruit,Peach,Lime",checked,,£12.00,2022-05-14 07.22.08.jpg (https://dl.airtable.com/.attachments/b404e24e3ad03f330a4c2a2dd891a399/d8c1a50d/2022-05-1407.22.08.jpg),1.5.2022,Washed,,1
Aracelly Robles,,3,Girls Who Grind Coffee,Costa Rica,"Almond,Fudge,Green apple,Fresh apricot",checked,,£12.00,2022-04-26 10.44.54.jpg (https://dl.airtable.com/.attachments/db7c94514ff227ab7dd2531669cf51bd/11597790/2022-04-2610.44.54.jpg),26.4.2022,Washed,,13
Colombia,,3,Hound Coffee Co,Colombia,"Red apple,Butterscotch,Brazil nuts",checked,,£10.00,2022-04-21 07.13.24.jpg (https://dl.airtable.com/.attachments/b74dcc187c9e3c02cf4812ad5ddef255/dc81f6ad/2022-04-2107.13.24.jpg),21.4.2022,Washed,,1
Frutos del Corcovado ,,3,Campbell and Syme,Peru,"Gooseberry,Rooibos",checked,,£11.00,2022-04-13 17.47.15.jpg (https://dl.airtable.com/.attachments/7ca3741666f3dcf0de300944a2e87702/04d36cca/2022-04-1317.47.15.jpg),13.4.2022,Washed,,1
Eastern Promise,,3,Corojo,Sumatra,"Black pepper,Citrus",checked,,£9.50,2022-04-09 10.17.21.jpg (https://dl.airtable.com/.attachments/9b91a9a0b75055694ce3844e7cf9c67e/acff7c31/2022-04-0910.17.21.jpg),8.4.2022,Washed,,1
Jose Martinez,,3,Calendar Coffee,Colombia,"Cinnamon,Peach",checked,,£20.00,2022-04-06 07.15.37.jpg (https://dl.airtable.com/.attachments/cd403304ae840aa86b07370b0ae9b0c4/37f2b195/2022-04-0607.15.37.jpg),6.4.2022,"Double anaerobic Honey,Washed",,1
Alto del Obispo,,4,Coffee By the Casuals,Colombia,"Chocolate,Caramel,Orange",checked,,£7.50,2022-03-25 11.00.38.jpg (https://dl.airtable.com/.attachments/a0d0a9f3e07e701690ca36d90ddc2847/9314ca23/2022-03-2511.00.38.jpg),25.3.2022,Washed,,1
Tropical Bahia,,3,UE Coffee Roasters,Brazil,"Pineapple,Milk chocolate,Almond",checked,,£8.50,2022-03-17 18.26.01.jpg (https://dl.airtable.com/.attachments/b7d7e26084ecb7384b8b48e386713a30/3c8e5190/2022-03-1718.26.01.jpg),17.3.2022,Natural,,1
No Boundaries Brew,,3,Caravan Coffee Roasters,"Colombia,Rwanda","Berry jam,Molasses,Sweet tea",,,£10.00,2022-03-12 08.15.02.jpg (https://dl.airtable.com/.attachments/a9f139b1a7e99a1d5f681d855c86e73d/ec510fb3/2022-03-1208.15.02.jpg),12.3.2022,"Washed,Natural",,1
Colombia El Carmen,,4,Milk and Beans,Colombia,"Chocolate,Berries",checked,,£7.00,2022-03-04 06.34.09.jpg (https://dl.airtable.com/.attachments/546a6ed0cdbad84e720b6885b455b553/79f92a64/2022-03-0406.34.09.jpg),4.3.2022,Washed,,1
Get to the Hopper,,1,Lost Sheep Coffee,n/a,"Chocolate,Caramel",,Too dark,£10.90,2022-02-21 07.42.45.jpg (https://dl.airtable.com/.attachments/b756eb943735a369dc6c603ca95f868c/168966e4/2022-02-2107.42.45.jpg),19.2.2022,N/a,,1
Domingo Antonio,,3,Cult Espresso,Mexico,"Caramel,Pear,Biscuit",checked,,£16.50,2022-02-21 07.42.59.jpg (https://dl.airtable.com/.attachments/56fa3258332250330331fff8668ac3f5/499b5153/2022-02-2107.42.59.jpg),18.2.2022,Washed,,1
Don Mayo,,4,Ozone,Costa Rica,"Lemon,Orange zest,Bakers chocolate",checked,,£10.00,2022-02-05 09.25.06.jpg (https://dl.airtable.com/.attachments/5c4c886543db63c419b8df95a2ba8d8d/aa052f3e/2022-02-0509.25.06.jpg),5.2.2022,Yellow Honey,Passenger,1
Don Joel,,2,Ozone,Costa Rica,"Nectarine,Honey,Tropical fruit",checked,Huge beans,£10.00,2022-01-24 18.20.42.jpg (https://dl.airtable.com/.attachments/79b5d4e949387f15963df02500259632/fd574f5d/2022-01-2418.20.42.jpg),24.1.2022,Yellow Honey,Passenger,1
1 Pull,,3,Bubblehead Barista,"Ethiopia,Peru,Sumatra","Spice,Gingerbread",,,£14.00,2022-01-24 18.27.05.jpg (https://dl.airtable.com/.attachments/623910e12668299709edac5eca91b75f/335db82e/2022-01-2418.27.05.jpg),24.1.2022,N/a,,1
Kotowa mandarina,,3,Mr Coffee,Panama,"Jasmine,Lemon,Peach,Meringue pie",checked,,£8.80,2022-01-09 08.46.08.jpg (https://dl.airtable.com/.attachments/0d48fae9269b0fc154ccaac5e50a1e3a/533b9e19/2022-01-0908.46.08.jpg),9.1.2022,Washed,,1
DoI Pangkhon,,3,Ozone,Thailand,"Raisin,Brown sugar,Cream",checked,,£12.00,2022-01-08 14.25.47.jpg (https://dl.airtable.com/.attachments/2d61071d59d35b0cd7b5f4a65b2229c4/e943ce20/2022-01-0814.25.47.jpg),8.1.2022,Natural,Passenger,1
Sweet,,3,Common,Brazil,"Chocolate,Rum and raisin,Berry",checked,,£10.00,2021-12-19 21.32.49.jpg (https://dl.airtable.com/.attachments/1de8ecc82a3a4a9beb7eb54014ad939a/3c421525/2021-12-1921.32.49.jpg),19.12.2021,Anaerobic natural,,1
Fazenda Alta Vista Carmo de minas,,3,Coleman Coffee Roasters,Brazil,,checked,,£8.00,2021-12-19 21.25.19.jpg (https://dl.airtable.com/.attachments/7b90b821dfdb757ce87c8640f8315d96/bc80192e/2021-12-1921.25.19.jpg),17.12.2021,Pulped Natural,,1
Shady Bader,,2,Fireheart Coffee,Colombia,"Neapolitan ice cream,Custard cream,Biscotti",checked,"Large beans, hard to grind fine enough",£11.95,2021-12-06 20.50.14.jpg (https://dl.airtable.com/.attachments/7dd2711bd7ff15e1c5b04bd4f16a112d/018b95f7/2021-12-0620.50.14.jpg),5.12.2021,"Anaerobic Fermentation,Natural",,1
Nui and Aoy’s Double Anaerobic Honey,,3,Hasbean,Thailand,"Orange creme,Milk chocolate,Nutmeg",checked,,£10.00,2021-12-04 09.30.26.jpg (https://dl.airtable.com/.attachments/d6b7a200ec8407f4a01536831fdffb98/949a03d5/2021-12-0409.30.26.jpg),4.12.2021,Double anaerobic Honey,Steve’s Super Secret Stash Subscription  2021,1
Fazenda Cruziero,,3,New Era,Brazil,"Milk chocolate,Cherry,Hazelnut",checked,,£7.30,2021-11-30 21.32.18.jpg (https://dl.airtable.com/.attachments/cfc77d27754cc58d05c69fccfc08f8b7/968b9566/2021-11-3021.32.18.jpg),30.11.2021,Natural,,1
"Ana, Cris and Renata",,3,Girls Who Grind Coffee,Brazil,"Pomelo,Gummy sweets,Black cherry",checked,,£9.75,2021-11-20 06.42.07.jpg (https://dl.airtable.com/.attachments/53e969d48c63fe5c057d647d81ed4451/c17852bf/2021-11-2006.42.07.jpg),20.11.2021,Natural,,1
Staple,,3,Monk,"Brazil,India","Cocoa,Hazlenut,Dried fruit",,,£10.00,2021-10-30 08.15.16.jpg (https://dl.airtable.com/.attachments/c22fc169d86c7b48431f1b31df4ad777/c6129799/2021-10-3008.15.16.jpg),30.10.2021,"Natural,Pulped Natural",,1
Finca Argentina,,2,Hasbean,El Salvador,"Lemon,Orange,Citrus,Herbal,Hops",checked,Very hard to brew,£10.00,2021-10-30 08.21.46.jpg (https://dl.airtable.com/.attachments/0fd3dc98869d15ef4e05aac635c58c7f/4f2764e8/2021-10-3008.21.46.jpg),30.10.2021,Washed,Steve’s Super Secret Stash Subscription  2021,1
Super Tasty Decaf,,3,Wild Heart Coffee ,Colombia,"Sweet,Syrupy,Juicy",checked,,£10.00,2021-10-16 11.09.37.jpg (https://dl.airtable.com/.attachments/8db69d169371524a3e8886f9fae8c081/eb7e61fa/2021-10-1611.09.37.jpg),16.10.2021,Sugarcane,,1
Villamaria,,3,Wild Heart Coffee ,Colombia,"Sweet,Silky,Choco",checked,,£8.00,2021-10-16 11.09.41.jpg (https://dl.airtable.com/.attachments/c43d259220b07826137ec57248a95723/310d05b2/2021-10-1611.09.41.jpg),16.10.2021,Washed,,1
Bekele Guye,,3,Wild Heart Coffee ,Ethiopia,"Syrupy,Fresh",checked,Free sample,£0.00,2021-10-16 11.14.20.jpg (https://dl.airtable.com/.attachments/6f8fc9d3f49ad2621281362c3387c41c/cd5193ba/2021-10-1611.14.20.jpg),16.10.2021,Natural,,1
Peace and Love,,2,Dark Arts,Guatemala,"Plum,Golden syrup,Peach",checked,,£9.00,"2021-10-06 07.01.45.jpg (https://dl.airtable.com/.attachments/5ebff0c2059bba6af1b8c4dffd258ab8/fdf8126e/2021-10-0607.01.45.jpg),2021-10-06 07.01.47.jpg (https://dl.airtable.com/.attachments/f6a20388799176333f3ca79b647a048e/d9c2d953/2021-10-0607.01.47.jpg)",4.10.2021,Washed,,1
El Fuerte Longberry,,3,Hasbean,Bolivia,"Stewed plum,Bruised peach,Cola,Green apple",checked,,£10.00,2021-10-01 21.34.34.jpg (https://dl.airtable.com/.attachments/da3a9ef88f78468f4f3051d9abdef387/73f5b866/2021-10-0121.34.34.jpg),1.10.2021,Natural,Steve’s Super Secret Stash Subscription  2021,1
Sul de Minas,,3,Volcano Coffee,Brazil,"Date,Nougat,Lychee",checked,,£8.00,2021-09-24 12.53.37.jpg (https://dl.airtable.com/.attachments/193155fa7f7f106e5f12b53fe6af329a/a9ec95ec/2021-09-2412.53.37.jpg),24.9.2021,Natural,,1
Arbar la Isla ,,3,Hasbean,Costa Rica,"Blackberry,Lime,Dark chocolate",,,£12.00,2021-08-30 12.26.49.jpg (https://dl.airtable.com/.attachments/1e61ee67001341049476d8905aa772a9/6c30c730/2021-08-3012.26.49.jpg),30.8.2021,Yellow honey kenia,Steve’s Super Secret Stash Subscription  2021,
Don Joel Finca La Cumbre de San Luis,,3,Hasbean,Costa Rica,"Apricot,Orange,Lemon",checked,,£10.00,2021-09-19 20.08.36.jpg (https://dl.airtable.com/.attachments/262356e604a348350cd8fccdef42e901/d04e8939/2021-09-1920.08.36.jpg),25.8.2021,Yellow Honey,Steve’s Super Secret Stash Subscription  2021,
Aylesbury Blend,,4,Redemption Roasters,"Brazil,Colombia,Burundi","Frangipane,Cherry,Macadamia",,,£8.99,2021-07-06 06.51.22.jpg (https://dl.airtable.com/.attachments/245f5589fc5d0b22d9b8e3a584e76917/a4ac8514/2021-07-0606.51.22.jpg),6.7.2021,"Natural,Washed",,
El Fuerte,,4,Hasbean,Bolivia,"Honey & lemon,Green banana,Tangerine",checked,,£10.00,2021-07-02 07.01.32.jpg (https://dl.airtable.com/.attachments/b950d36387cf2c9500508ffd30ed9a6e/783e1f9e/2021-07-0207.01.32.jpg),2.7.2021,Natural,Steve’s Super Secret Stash Subscription  2021,
La Linda,,4,Hasbean,Bolivia,"Cherry,Sultana,Bruised plum",checked,,£10.00,2021-06-08 07.07.11.jpg (https://dl.airtable.com/.attachments/2ffd3126cd39c8a2d4b3098df3450cc7/1ef210da/2021-06-0807.07.11.jpg),8.6.2021,Natural,Steve’s Super Secret Stash Subscription  2021,
Las Brisas,,2,Yallah,Colombia,"Brown sugar,Citric,Orange,Red fruit",checked,,£12.00,2021-06-08 07.09.05.jpg (https://dl.airtable.com/.attachments/3c14b83957f7fab5cd32002e56202063/9c2d9f11/2021-06-0807.09.05.jpg),8.6.2021,Washed,,
Guilty Pleasure,,4,Cairngorm Coffee,"Brazil,Costa Rica","Chocolate,Caramel",,,£9.00,2021-05-19 13.46.00.jpg (https://dl.airtable.com/.attachments/f957d99d6c1399641c09c1871cb945b1/5f9d2fa4/2021-05-1913.46.00.jpg),19.5.2021,"Washed,Anaerobic Fermentation",,
Timor-Leste,,3,Hard Lines,Timor-leste,"Strawberry,Hazlenut,Syrupy",checked,,£11.00,2021-05-18 13.51.07.jpg (https://dl.airtable.com/.attachments/bb1897229f77ccea28e105903427e6ea/448ff86b/2021-05-1813.51.07.jpg),18.5.2021,Washed,,
Julio Gonzalez,,3,Hasbean,Bolivia,"Lemon,Peach yogurt",checked,,£10.00,2021-05-01 11.24.57.jpg (https://dl.airtable.com/.attachments/90bbabb16c52108186c97b24b6893119/389f76cf/2021-05-0111.24.57.jpg),1.5.2021,Washed,Steve’s Super Secret Stash Subscription  2021,
12,,2,Backyard Coffee,"Brazil,Uganda","Chocolate,Marzipan,Cinnamon,Candy floss",,,£8.00,2021-05-01 11.26.08.jpg (https://dl.airtable.com/.attachments/c3fd629381d5c9f4ffc5aba1ca24104b/643e0507/2021-05-0111.26.08.jpg),1.5.2021,N/a,,
Pioneer,,3,Altitude London,n/a,"Raspberry,Almond,Toffee",,"Hard to dial in, but I was also changing technique at the time to include tapping the side of the ports filter to level grounds, which resulted in a change in grind size being needed",£9.00,2021-04-28 07.02.46.jpg (https://dl.airtable.com/.attachments/1c0c60d58cb4b531e2f8723915e09868/f3ca8f65/2021-04-2807.02.46.jpg),26.4.2021,N/a,,
Dulima,,3,Maude,Colombia,"Red currant,Milk chocolate,Almond",checked,"Hard to dial in, possibly due to wide range of sizes in beans",£10.00,2021-04-10 11.46.40.jpg (https://dl.airtable.com/.attachments/fe9bf4b1dcd39f872a80157beed2b0e6/901d42b6/2021-04-1011.46.40.jpg),10.4.2021,Washed,,
Cajamarca,,3,Frequency,Peru,"Green apple,Assam tea",checked,,£10.00,2021-04-02 07.39.43.jpg (https://dl.airtable.com/.attachments/a6dbeeb6ad79c7a41fdfbad5ad48ee5d/b41dbe28/2021-04-0207.39.43.jpg),2.4.2021,Washed,,
Finca Las Brunas ,,3,Hasbean,El Salvador,"Glace Cherry,Lime zest,Mango,Brown sugar,Jelly tots",checked,,£10.00,2021-04-02 07.40.48.jpg (https://dl.airtable.com/.attachments/9d62d5873b9f7e72188bca6864c75893/69a318af/2021-04-0207.40.48.jpg),2.4.2021,Natural,Steve’s Super Secret Stash Subscription  2021,
Bolivia Estate Miguel Careces,,3,Perception,Bolivia,,checked,,£13.60,2021-03-24 10.30.26.jpg (https://dl.airtable.com/.attachments/670dfa676ef202956e2f080ea2f92170/899b297f/2021-03-2410.30.26.jpg),24.3.2021,Washed,,
Yolanda Dos,,3,Long and Short,Honduras,"Passion fruit,Papaya,Peach",checked,A bit too funky,£9.00,2021-03-24 10_31_42.jpg (https://dl.airtable.com/.attachments/423484c8983047e56d93689a1859010f/03d0628b/2021-03-2410_31_42.jpg),24.3.2021,"Natural,Carbonic Maceration",,
Mchezi Hill,,3,Manifesto Coffee,Malawi,"Cherry,Pomegranate,Dark Rum",checked,,£15.75,2021-03-18 07.37.05.jpg (https://dl.airtable.com/.attachments/07a5b63b11c41809eea2ceae7127e774/bf999a56/2021-03-1807.37.05.jpg),18.3.2021,Washed,,
Migoti Hill,,3,Obadiah ,Burundi,"Milk chocolate,Black cherry",checked,,£16.00,2021-03-15 09.14.06.jpg (https://dl.airtable.com/.attachments/a0e1720398758274d0302d486eca95f0/947e73f7/2021-03-1509.14.06.jpg),15.3.2021,Natural,,
Mountain rescue Colombia,,3,Red bank,Colombia,"Milk chocolate,Cherry Jam,Frangipane",checked,,£10.00,2021-03-13 09.37.41.jpg (https://dl.airtable.com/.attachments/3559aa762cde68fbc5eb5fa3baf8eff9/5299a188/2021-03-1309.37.41.jpg),13.3.2021,Washed,,
83,,3,Backyard Coffee,Peru,"Cola,Grapes,Apples,Brown sugar,Hazlenut",checked,,£10.00,2021-03-06 06.54.48.jpg (https://dl.airtable.com/.attachments/1c0d036125217fa195c9de6ca422f3ba/461a2913/2021-03-0606.54.48.jpg),6.3.2021,Washed,,
Jaisookern Family Farm,,4,Hasbean,Thailand,"Dundee cake,Glace Cherry,Dark Rum",checked,,£10.00,2021-02-26 15.10.58.jpg (https://dl.airtable.com/.attachments/25adeb3310315dac00e41f487cdc7625/88d002e5/2021-02-2615.10.58.jpg),26.2.2021,Natural,Steve’s Super Secret Stash Subscription  2021,
1829,,5,WatchHouse,Colombia,"Biscoff,Maple syrup,Mandarin",checked,,£10.00,2021-02-25 07.02.32.jpg (https://dl.airtable.com/.attachments/8c1d8201dfe1798a1bacfbe846069c3d/b64e4125/2021-02-2507.02.32.jpg),24.2.2021,Honey,,
House Espresso,,3,Assembly,El Salvador,"Peach,Green apple,Date",checked,,£10.00,2021-02-19 14.10.57.jpg (https://dl.airtable.com/.attachments/0a45f0a71f395426048786decc73ba3e/4e120a67/2021-02-1914.10.57.jpg),19.2.2021,Honey,,
Diego Robelo ,,3,Assembly,Costa Rica,"Tinned apricots,Amaretto",checked,,£10.00,2021-02-19 14.13.14.jpg (https://dl.airtable.com/.attachments/c2d71ebca679d399e6b6434debb80d6f/40db2118/2021-02-1914.13.14.jpg),19.2.2021,Anaerobic Fermentation,,
Under Milk Wood,,4,Darkwoods Coffee,"Brazil,India,Ethiopia","Caramel,Stewed fruits,Praline",,,£12.65,2021-02-12 08.28.55.jpg (https://dl.airtable.com/.attachments/3ce5f161a1bc1d21b73ebdd74522be10/3b62e647/2021-02-1208.28.55.jpg),12.2.2021,"Natural,Washed",,2
Original Espresso Blend,,3,Uncommon Ground,"Sumatra,Colombia,Brazil","Plum,Toffee,Chocolate Orange",,,£13.50,2021-02-03 13.24.52.jpg (https://dl.airtable.com/.attachments/5ac0900e2c19c08828fe5d42fd851a97/346266b6/2021-02-0313.24.52.jpg),3.2.2021,N/a,,
Don Joel Finca Carmela,,2,Hasbean,Costa Rica,"Lime,Cantaloupe melon,Fresh plum,Light brown sugar",checked,,£10.00,2021-01-29 17.36.55.jpg (https://dl.airtable.com/.attachments/a83877f2aa4dabc049907fd9b7138c34/c1548676/2021-01-2917.36.55.jpg),29.1.2021,Red Honey Kenia,Steve’s Super Secret Stash Subscription  2021,
La Florida,,3,Kogarashi,Colombia,"Caramel,Chocolate,Green apple",checked,,£9.36,2021-01-28 12.00.24.jpg (https://dl.airtable.com/.attachments/b68c54d6c88d3f373f62816509db0b6f/2c95f73b/2021-01-2812.00.24.jpg),28.1.2021,Washed,,
Migoti Hill,,4,Girl With a Portafter,Burundi,"Cinnamon,Black cherry,Milk chocolate",checked,"But dark, but otherwise nice. ",£13.00,2021-01-28 12.03.25.jpg (https://dl.airtable.com/.attachments/f8e007823a915e1e9f5f3828a54969b9/d34db7a9/2021-01-2812.03.25.jpg),28.1.2021,Washed,,
Stovepipe,,3,The Gentleman Baristas,"Brazil,Rwanda","Chocolate,Dried fruit,Soft brown sugar",,,£10.00,2021-01-20 10.43.53.jpg (https://dl.airtable.com/.attachments/bd012b849f3d6ceb414e2e2777af9947/7e821d0c/2021-01-2010.43.53.jpg),20.1.2021,Washed,,
Natural Bourbon Petites,,2,Hasbean,El Salvador,"Sultana,Dried apple,Liquorice",checked,,£10.00,2021-01-09 09.57.30.jpg (https://dl.airtable.com/.attachments/3d5aa3ecd839ceca0679ca239a731dc8/e5a0cff4/2021-01-0909.57.30.jpg),9.1.2021,Natural,Steve’s Super Secret Stash Subscription  2021,
Monte Carmelo,,3,New Ground Coffee,Brazil,"Hazelnut,Raisin,Milk chocolate",checked,,£10.00,2021-01-07 21.00.56.jpg (https://dl.airtable.com/.attachments/18eef3fd19a6e9cd0a1d6dd049deddde/6131ee51/2021-01-0721.00.56.jpg),7.1.2021,Natural,,
Finca La Ilusion,,3,Hasbean,El Salvador,"Strawberry jam,Peach,Orange",checked,,£8.00,2021-01-01 08.29.57.jpg (https://dl.airtable.com/.attachments/21ebfbedaeb5b7c03fc44d64ac85ef12/02205e0f/2021-01-0108.29.57.jpg),29.12.2020,Natural,,
Los Papales,,4,Maude,Nicaragua,"Lemon,Red wine,Parma Violets",checked,,£10.75,2020-12-14 19.52.29.jpg (https://dl.airtable.com/.attachments/2d1e4ca49bcc090368470b933290b4c6/f26e43ec/2020-12-1419.52.29.jpg),14.12.2020,Anaerobic Fermentation,,
Brazil Cachoeira,,3,Missing Bean,Brazil,"Praline,Dark chocolate",checked,,£10.00,2020-12-12 09.41.02.jpg (https://dl.airtable.com/.attachments/f06e8a3a146a0a693a337ff03b04a170/307856ac/2020-12-1209.41.02.jpg),12.12.2020,Natural,,
Bells,,3,Mission Coffee Works,"Peru,Brazil","Milk chocolate,Tangerine,Hazelnut",,,£10.00,2020-12-09 19.50.58.jpg (https://dl.airtable.com/.attachments/2bbed6860330ed33c7510c80abea2d51/94cb7671/2020-12-0919.50.58.jpg),9.12.2020,"Natural,Washed",,
Espresso Blend,,2,Element Coffee,"Brazil,Honduras","Vanilla,Caramel",,,,2020-11-15 09.38.04.jpg (https://dl.airtable.com/.attachments/5291ea1009bd8a5b296ff2b658a3c688/e7f82b2e/2020-11-1509.38.04.jpg),15.11.2020,N/a,,
Espirito Santo ,,3,Catalyst,Brazil,"Peach,Dark chocolate,Raisin",checked,,£13.00,2020-11-08 20.14.43.jpg (https://dl.airtable.com/.attachments/82dd992ba77bd01a84d3e5e06989bfbf/1545e2c0/2020-11-0820.14.43.jpg),8.11.2020,Pulped Natural,,
Paranaiba Cachoeira,,3,Lost Sheep Coffee,Brazil,"Chocolate,Toffee,Fudge",checked,,£10.00,2020-10-30 18.05.13.jpg (https://dl.airtable.com/.attachments/41e574961cd50cb20e3871a509cb1225/108b2b3e/2020-10-3018.05.13.jpg),30.10.2020,Natural,,
Huehuetenango,,3,Routes,Guatemala,"Chocolate,Maple syrup,Pineapple",checked,So much crema. Hard to grind. ,£10.00,2020-10-27 07.07.42.jpg (https://dl.airtable.com/.attachments/5cfa2d1e3bf7c6c561ccef554ea57367/585ba834/2020-10-2707.07.42.jpg),27.10.2020,Washed,,
La Esperanza / Tolima,,4,Routes,Colombia,"Red apple,Boozy,Chocolate",checked,,£10.00,2020-10-27 07.09.26.jpg (https://dl.airtable.com/.attachments/7b4ec300454588c142b2ec3508140d60/8b1a33bb/2020-10-2707.09.26.jpg),27.10.2020,,,
El limon ,,3,Hasbean,Guatemala,"Malted milk,Milk chocolate",,,£7.50,2020-10-19 17.47.07.jpeg (https://dl.airtable.com/.attachments/359edfcce9220cff4bd07e99005e6c80/36a42e56/2020-10-1917.47.07.jpeg),16.10.2020,,,
Chapadão de Ferro ,,3,Kofra,Brazil,"Cherry,Walnut",checked,,£12.00,2020-10-10 12_10_45.jpeg (https://dl.airtable.com/.attachments/e07c63514cca06a745d232cc7dd16a5d/2bff6e81/2020-10-1012_10_45.jpeg),10.10.2020,Natural,,
Tacu ,,3,Modern Standard,Bolivia,Praline,checked,,£10.00,2020-10-02 17.13.09.jpg (https://dl.airtable.com/.attachments/6c07ca20577996c82627b414752e4a12/748489d1/2020-10-0217.13.09.jpg),2.10.2020,Washed,,
La Colina,,2,The Roasting Shed,Guatemala,"Marzipan,Milk chocolate,Orange zest",checked, ,£9.00,2020-09-27 08.36.46.jpg (https://dl.airtable.com/.attachments/80b7c12badf7e62a07d633798eb2f497/cd7c153a/2020-09-2708.36.46.jpg),27.9.2020,Washed,Rise,
Uganda Rwenzori 86+,,2,River City Coffee,Uganda,,checked,,£8.00,2020-09-20 07.22.54.jpeg (https://dl.airtable.com/.attachments/bff672d7d10d695cc44cf85157e0776d/d29e416b/2020-09-2007.22.54.jpeg),20.9.2020,Floated Natural,Rise,
House Coffee,,3,Yallah,Brazil,"Date,Dark chocolate,Brown sugar",,,£7.20,2020-09-06 06.36.46.jpg (https://dl.airtable.com/.attachments/45f3ef43c4af0edf1d8309d71f503e13/a964db59/2020-09-0606.36.46.jpg),5.9.2020,Natural,,
Original Espresso,,3,Extract,"Colombia,El Salvador,Guatemala","Toffee,Malted milk,Red berry",,Gift from Mick Ort ,£9.00,2020-08-26 07.08.21.jpg (https://dl.airtable.com/.attachments/588c3faebaa2d3d04d28bf8617b58aa4/28a0feb9/2020-08-2607.08.21.jpg),26.8.2020,N/a,,
Resolute,,3,Origin,"Colombia,El Salvador,Peru","Caramel,Milk chocolate,Stewed plum",,,£9.00,2020-08-20 18.22.30.jpg (https://dl.airtable.com/.attachments/7bc0d14203495a8b5f6ce8438bd7221e/821f313e/2020-08-2018.22.30.jpg),20.8.2020,N/a,Rise,
San Fermin,,4,Origin,Colombia,"Orange Sherbet,Caramel,Berries",checked,,£9.00,2020-08-20 18.23.39.jpg (https://dl.airtable.com/.attachments/d583225d006405e24a4acb6c16e6f6f7/a98deb2e/2020-08-2018.23.39.jpg),20.8.2020,Washed,Rise,
Uganda Bokonzo Dream,,4,Elsewhere Coffee Roasters,Uganda,"Strawberry,Lemon",checked,,£10.00,2020-07-25 09.30.09.jpg (https://dl.airtable.com/.attachments/4b8b1073d3a06d70c5ded102e1591f01/74dcfca7/2020-07-2509.30.09.jpg),25.7.2020,Natural,Secret Caffeine Club,
Ethiopia Ibrahim Hussein,,3,Moon Roast,Ethiopia,"Citrus,Cream,Lavendar",checked,,£10.00,2020-07-17 06.40.08.jpg (https://dl.airtable.com/.attachments/8cafd1600359b0ef00413a4cb4470bbd/701287cc/2020-07-1706.40.08.jpg),17.7.2020,Washed,Rise,
De Beauvoir Espresso,,5,Scarlett,Colombia,"Chocolate,Cranberries,Bourbon biscuit",,,£9.00,2020-07-14 13.11.19.jpg (https://dl.airtable.com/.attachments/00cae135891f93ee537480d6739d6c86/1e98c944/2020-07-1413.11.19.jpg),14.7.2020,Washed,Rise,2
Heavy Bag Seasonal Espresso,,3,80 Stone Coffee Roasters,"Honduras,Costa Rica","Caramel,Marzipan",,,,2020-07-14 13.12.52.jpg (https://dl.airtable.com/.attachments/7b9055c9fb3fff18414ef2b26b6c1dd1/923bc0d4/2020-07-1413.12.52.jpg),14.7.2020,Washed,,
Riders On The Storm,,3,Blind Owl Coffee Co,"Colombia,Brazil","Honey,Chocolate Biscuit,Fruity",,,£10.00,2020-07-01 15.22.48.jpg (https://dl.airtable.com/.attachments/3b584e61b904d8e3382f60a1b6a3ab06/15562fb4/2020-07-0115.22.48.jpg),1.7.2020,N/a,Secret Caffeine Club,
Pe de cedro ,,4,Roastworks,Brazil,"White chocolate,Cream,Macadamia",checked,,£12.00,2020-06-27 08.04.47.jpg (https://dl.airtable.com/.attachments/72529fb3d5a3287533e180165032965a/49840666/2020-06-2708.04.47.jpg),27.6.2020,Natural,,
La Ricuarte ,,4,Lufkin ,Colombia,"Praline,Mandarin,Red toffee apple",checked,,£12.00,2020-06-26 06.54.59.jpg (https://dl.airtable.com/.attachments/b4e9df3ce1a10bf273921ca0a8830021/316c089d/2020-06-2606.54.59.jpg),26.6.2020,Washed,,
Inza Cauca ,,4,Wood St Coffee,Colombia,"Milk chocolate,Red apple,Sugar cane",checked,,£9.00,2020-06-15 12.15.12.jpg (https://dl.airtable.com/.attachments/7ae78b8d6977c6beeb4978c05494ae9f/9546a289/2020-06-1512.15.12.jpg),15.6.2020,,Secret Caffeine Club,
Buftu Gudina Coop,,4,Yallah,Ethiopia,"Peach,Apricot,Floral",checked,,£9.00,2020-06-13 12.33.02.jpg (https://dl.airtable.com/.attachments/15dcef8b93d62c580c90af55cb1d0029/862664f9/2020-06-1312.33.02.jpg),13.6.2020,Washed,Yallah Explore,
La Penson’s Microlot,,4,Salford Roasters,Honduras,"Fruit,Cola,Red berry",checked,,£12.00,2020-06-08 07.01.46.jpg (https://dl.airtable.com/.attachments/cb7a653fb08764eca3129798f828c5be/11dc2eac/2020-06-0807.01.46.jpg),8.6.2020,,,
Hand Roasted Honduran,,4,Divine Coffee Roasters,Honduras,"Caramel,Tropical",checked,,£7.00,2020-05-31 11.51.55.jpg (https://dl.airtable.com/.attachments/b0494f250820563f87a26881342710c9/b19bc130/2020-05-3111.51.55.jpg),27.5.2020,,,
Fazenda Pantano,,3,Jericho,Brazil,"Chocolate,Nutty,Rum and raisin,Citrus",checked,,£7.25,2020-06-07 06.42.44.jpg (https://dl.airtable.com/.attachments/934d3630a8d1da7663e4353b0f0e49bd/6b2be3b5/2020-06-0706.42.44.jpg),27.5.2020,,,1
Sevenstones ,,3,Lands End Coffee,Colombia,"Fruity,Caramel,Cocoa",checked,,£10.00,2020-05-19 06.56.07.jpg (https://dl.airtable.com/.attachments/045c50a2729fe91ba332863ad41e68d0/e72e4015/2020-05-1906.56.07.jpg),15.5.2020,,,
Colombia Gran Calope ,,3,Rockhill Brothers Coffee Co,Colombia,,checked,,£10.00,2020-05-03 09.31.03.jpg (https://dl.airtable.com/.attachments/73c248968192c6f70722f5354bce8131/7190188f/2020-05-0309.31.03.jpg),24.4.2020,,Secret Caffeine Club,
Paul Pora,,4,Yallah,Papau New Guinea,"Winey,Fruity,Tropical",checked,,£10.00,2020-05-17 10.01.47.jpg (https://dl.airtable.com/.attachments/a88ee8e3e6e36e615bd074c98b95f32a/99e7485a/2020-05-1710.01.47.jpg),5.4.2020,,Yallah Explore,1
Jemala,,3,Java Hub,"Africa,Central South America","Sweet,Nutty,Chocolate",,,£10.00,2020-05-24 07.47.17.jpg (https://dl.airtable.com/.attachments/3da943a94ed34f0d0e86e90c86b3d4b2/bb952bf1/2020-05-2407.47.17.jpg),12.3.2020,Natural,Secret Caffeine Club,1